order,family,genus,species,ag,mating,care,spawning,pairs.groups,pairs.arts
Acipenseriformes,Acipenseridae,Acipenser,Acipenser_baerii,0,NA,0,NA,NA,NA
Acipenseriformes,Acipenseridae,Acipenser,Acipenser_brevirostrum,0,1,0,1,NA,1
Acipenseriformes,Acipenseridae,Acipenser,Acipenser_fulvescens,0,1,0,1,1,NA
Acipenseriformes,Acipenseridae,Acipenser,Acipenser_gueldenstaedtii,0,NA,0,NA,NA,NA
Acipenseriformes,Acipenseridae,Acipenser,Acipenser_medirostris,0,0,0,0,0,0
Acipenseriformes,Acipenseridae,Acipenser,Acipenser_nudiventris,0,1,0,0,0,0
Acipenseriformes,Acipenseridae,Acipenser,Acipenser_oxyrinchus,0,1,0,1,1,NA
Acipenseriformes,Acipenseridae,Acipenser,Acipenser_persicus,0,NA,0,NA,NA,NA
Acipenseriformes,Acipenseridae,Acipenser,Acipenser_ruthenus,0,NA,0,NA,NA,NA
Acipenseriformes,Acipenseridae,Acipenser,Acipenser_sinensis,0,NA,0,NA,NA,NA
Acipenseriformes,Acipenseridae,Acipenser,Acipenser_stellatus,0,NA,0,NA,NA,NA
Acipenseriformes,Acipenseridae,Acipenser,Acipenser_sturio,0,1,0,0,0,0
Acipenseriformes,Acipenseridae,Acipenser,Acipenser_transmontanus,0,0,0,0,0,0
Acipenseriformes,Acipenseridae,Huso,Huso_dauricus,0,NA,0,NA,NA,NA
Acipenseriformes,Acipenseridae,Huso,Huso_huso,0,NA,0,NA,NA,NA
Acipenseriformes,Polyodontidae,Polyodon,Polyodon_spathula,0,1,0,1,1,NA
Albuliformes,Albulidae,Albula,Albula_vulpes,0,1,0,1,1,NA
Albuliformes,Albulidae,Nemoossis,Pterothrissus_belloci,0,1,0,1,1,NA
Albuliformes,Albulidae,Pterothrissus,Pterothrissus_gissu,0,1,0,1,1,NA
Amiiformes,Amiidae,Amia,Amia_calva,0,0,1,0,0,0
Anguilliformes,Anguillidae,Anguilla,Anguilla_anguilla,0,1,0,1,1,NA
Anguilliformes,Chlopsidae,Chilorhinus,Chilorhinus_platyrhynchus,0,NA,NA,NA,NA,NA
Anguilliformes,Chlopsidae,Chilorhinus,Chilorhinus_suensonii,0,NA,0,NA,NA,NA
Anguilliformes,Chlopsidae,Kaupichthys,Kaupichthys_hyoproroides,0,NA,NA,NA,NA,NA
Anguilliformes,Colocongridae,Coloconger,Coloconger_cadenati,0,NA,NA,NA,NA,NA
Anguilliformes,Congridae,Acromycter,Acromycter_perturbator,0,NA,NA,NA,NA,NA
Anguilliformes,Congridae,Ariosoma,Ariosoma_anago,0,NA,NA,NA,NA,NA
Anguilliformes,Congridae,Ariosoma,Ariosoma_marginatum,0,NA,NA,NA,NA,NA
Anguilliformes,Congridae,Ariosoma,Ariosoma_selenops,0,NA,NA,NA,NA,NA
Anguilliformes,Congridae,Bathycongrus retrotinctus,Bathycongrus_retrotinctus,0,NA,NA,NA,NA,NA
Anguilliformes,Congridae,Coloconger,Coloconger_meadi,0,NA,NA,NA,NA,NA
Anguilliformes,Congridae,Coloconger,Coloconger_raniceps,0,NA,NA,NA,NA,NA
Anguilliformes,Congridae,Conger,Conger_conger,0,NA,NA,NA,NA,NA
Anguilliformes,Congridae,Conger,Conger_myriaster,0,NA,NA,NA,NA,NA
Anguilliformes,Congridae,Conger,Conger_oceanicus,0,NA,NA,NA,NA,NA
Anguilliformes,Congridae,Congriscus,Congriscus_megastomus,0,NA,NA,NA,NA,NA
Anguilliformes,Congridae,Gnathophis,Gnathophis_habenatus,0,NA,NA,NA,NA,NA
Anguilliformes,Congridae,Gnathophis,Gnathophis_heterognathos,0,NA,NA,NA,NA,NA
Anguilliformes,Congridae,Heteroconger,Heteroconger_longissimus,0,NA,NA,0,0,0
Anguilliformes,Congridae,Paraconger,Paraconger_notialis,0,NA,NA,NA,NA,NA
Anguilliformes,Congridae,Pseudophichthys,Pseudophichthys_splendens,0,NA,NA,NA,NA,NA
Anguilliformes,Congridae,Rhynchoconger,Rhynchoconger_flavus,0,NA,NA,NA,NA,NA
Anguilliformes,Congridae,Rhynchoconger,Rhynchoconger_gracilior,0,NA,NA,NA,NA,NA
Anguilliformes,Congridae,Xenomystax,Xenomystax_atrarius,0,NA,NA,NA,NA,NA
Anguilliformes,Congridae,Xenomystax,Xenomystax_congroides,0,NA,NA,NA,NA,NA
Anguilliformes,Derichthyidae,Derichthys,Derichthys_serpentinus,0,NA,0,NA,NA,NA
Anguilliformes,Derichthyidae,Nessorhamphus,Nessorhamphus_ingolfianus,0,NA,NA,NA,NA,NA
Anguilliformes,Derichthyidae,Nessorhamphus ,Nessorhamphus_danae,0,NA,NA,NA,NA,NA
Anguilliformes,Heterenchelyidae,Pythonichthys,Pythonichthys_asodes,0,NA,NA,NA,NA,NA
Anguilliformes,Muraenesocidae,Congresox,Congresox_talabon,0,NA,NA,NA,NA,NA
Anguilliformes,Muraenesocidae,Gavialiceps,Gavialiceps_taeniola,0,NA,NA,NA,NA,NA
Anguilliformes,Muraenesocidae,Muraenesox,Muraenesox_cinereus,0,NA,0,NA,NA,NA
Anguilliformes,Muraenesocidae,Oxyconger,Oxyconger_leptognathus,0,NA,NA,NA,NA,NA
Anguilliformes,Muraenidae,Echidna,Echidna_nebulosa,0,NA,0,NA,NA,NA
Anguilliformes,Muraenidae,Gymnomuraena,Gymnomuraena_zebra,0,NA,0,NA,NA,NA
Anguilliformes,Muraenidae,Gymnothorax,Gymnothorax_buroensis,0,NA,NA,NA,NA,NA
Anguilliformes,Muraenidae,Gymnothorax,Gymnothorax_hepaticus,0,NA,NA,NA,NA,NA
Anguilliformes,Muraenidae,Gymnothorax,Gymnothorax_herrei,0,1,0,1,1,NA
Anguilliformes,Muraenidae,Gymnothorax,Gymnothorax_margaritophorus,0,NA,0,NA,NA,NA
Anguilliformes,Muraenidae,Gymnothorax,Gymnothorax_meleagris,0,NA,NA,NA,NA,NA
Anguilliformes,Muraenidae,Gymnothorax,Gymnothorax_richardsonii,0,NA,NA,NA,NA,NA
Anguilliformes,Muraenidae,Gymnothorax,Gymnothorax_undulatus,0,NA,NA,NA,NA,NA
Anguilliformes,Muraenidae,Gymnothorax,Gymnothorax_zonipectis,0,NA,NA,NA,NA,NA
Anguilliformes,Nemichthyidae,Avocettina,Avocettina_bowersii,0,NA,NA,NA,NA,NA
Anguilliformes,Nemichthyidae,Avocettina,Avocettina_infans,0,NA,0,NA,NA,NA
Anguilliformes,Nemichthyidae,Nemichthys,Nemichthys_scolopaceus,0,NA,0,NA,NA,NA
Anguilliformes,Nettastomatidae,Facciolella,Facciolella_equatorialis,0,NA,NA,NA,NA,NA
Anguilliformes,Nettastomatidae,Hoplunnis,Hoplunnis_macrura,0,NA,NA,NA,NA,NA
Anguilliformes,Nettastomatidae,Nettastoma,Nettastoma_melanurum,0,NA,0,NA,NA,NA
Anguilliformes,Nettastomatidae,Saurenchelys,Saurenchelys_fierasfer,0,NA,NA,NA,NA,NA
Anguilliformes,Serrivomeridae,Serrivomer,Serrivomer_beanii,0,NA,NA,NA,NA,NA
Anguilliformes,Serrivomeridae,Serrivomer,Serrivomer_samoensis,0,NA,NA,NA,NA,NA
Anguilliformes,Serrivomeridae,Serrivomer,Serrivomer_sector,0,NA,NA,NA,NA,NA
Anguilliformes,Synaphobranchidae,Atractodenchelys,Atractodenchelys_phrix,0,NA,NA,NA,NA,NA
Anguilliformes,Synaphobranchidae,Dysomma,Dysomma_anguillare,0,NA,NA,NA,NA,NA
Anguilliformes,Synaphobranchidae,Dysommina,Dysommina_rugosa,0,NA,NA,NA,NA,NA
Anguilliformes,Synaphobranchidae,Ilyophis,Ilyophis_brunneus,0,NA,NA,NA,NA,NA
Anguilliformes,Synaphobranchidae,Simenchelys,Simenchelys_parasitica,0,NA,NA,NA,NA,NA
Anguilliformes,Synaphobranchidae,Synaphobranchus,Synaphobranchus_affinis,0,NA,NA,NA,NA,NA
Anguilliformes,Synaphobranchidae,Synaphobranchus,Synaphobranchus_brevidorsalis,0,NA,NA,NA,NA,NA
Anguilliformes,Synaphobranchidae,Synaphobranchus,Synaphobranchus_kaupii,0,NA,NA,NA,NA,NA
Anguilliformes,Synaphobranchidae,Synaphobranchus,Synaphobranchus_oregoni,0,NA,NA,NA,NA,NA
Atheriniformes,Atherinopsidae,Menidia,Menidia_menidia,0,1,0,1,1,NA
Atheriniformes,Atherinopsidae,Odontesthes,Odontesthes_nigricans,0,NA,NA,NA,NA,NA
Atheriniformes,Atherinopsidae,Odontesthes,Odontesthes_smitti,0,NA,NA,NA,NA,NA
Atheriniformes,Melanotaeniidae,Glossolepis,Glossolepis_incisus,0,NA,NA,0,0,0
Atheriniformes,Melanotaeniidae,Melanotaenia,Melanotaenia_nigrans,0,1,0,0,0,0
Atheriniformes,Phallostethidae,Gulaphallus,Gulaphallus_bikolanus,0,NA,NA,NA,NA,NA
Atheriniformes,Phallostethidae,Gulaphallus,Gulaphallus_mirabilis,0,NA,0,0,0,0
Atheriniformes,Phallostethidae,Neostethus,Neostethus_bicornis,0,NA,0,0,0,0
Atheriniformes,Phallostethidae,Neostethus,Neostethus_borneensis,0,NA,NA,NA,NA,NA
Atheriniformes,Phallostethidae,Neostethus,Neostethus_lankesteri,0,NA,0,0,0,0
Atheriniformes,Phallostethidae,Phenacostethus ,Phenacostethus_posthon,0,NA,NA,0,0,0
Atheriniformes,Phallostethidae,Phenacostethus ,Phenacostethus_smithi,0,NA,NA,0,0,0
Atheriniformes,Pseudomugilidae,Pseudomugil,Pseudomugil_gertrudae,0,NA,0,0,0,0
Atheriniformes,Pseudomugilidae,Pseudomugil,Pseudomugil_mellis,0,NA,0,0,0,0
Atheriniformes,Pseudomugilidae,Pseudomugil,Pseudomugil_signifer,0,NA,0,0,0,0
Atheriniformes,Pseudomugilidae,Pseudomugil,Pseudomugil_tenellus,0,NA,0,0,0,0
Aulopiformes,Alepisauridae,Alepisaurus,Alepisaurus_ferox,0,NA,NA,NA,NA,NA
Aulopiformes,Bathysauridae,Bathysaurus,Bathysaurus_ferox,0,NA,NA,NA,NA,NA
Aulopiformes,Bathysauridae,Bathysaurus,Bathysaurus_mollis,0,NA,NA,NA,NA,NA
Aulopiformes,Chlorophthalmidae,Chlorophthalmus,Chlorophthalmus_agassizi,0,NA,0,NA,NA,NA
Aulopiformes,Chlorophthalmidae,Parasudis,Parasudis_truculenta,0,NA,NA,NA,NA,NA
Aulopiformes,Giganturidae,Gigantura,Gigantura_indica,0,NA,NA,NA,NA,NA
Aulopiformes,Ipnopidae,Bathypterois,Bathypterois_dubius,0,NA,NA,NA,NA,NA
Aulopiformes,Synodontidae,Synodus,Synodus_ulae,0,NA,0,0,0,0
Batrachoidiformes,Batrachoididae,Halobatrachus,Halobatrachus_didactylus,1,0,1,1,NA,1
Batrachoidiformes,Batrachoididae,Opsanus,Opsanus_tau,1,0,1,1,NA,1
Batrachoidiformes,Batrachoididae,Porichthys,Porichthys_notatus,1,0,1,1,NA,1
Beloniformes,Adrianichthyidae,Oryzias,Oryzias_latipes,0,0,0,1,NA,1
Beloniformes,Belonidae,Tylosurus,Tylosurus_acus melanotus,0,NA,NA,NA,NA,NA
Beloniformes,Belonidae,Xenentodon,Xenentodon_cancila,0,1,0,0,0,0
Beloniformes,Exocoetidae,Parexocoetus,Parexocoetus_brachypterus,0,1,0,1,1,NA
Beloniformes,Hemiramphidae,Hemiramphus,Hemiramphus_saltator,0,NA,NA,NA,NA,NA
Beloniformes,Hemiramphidae,Hyporhamphus,Hyporhamphus_unifasciatus,0,NA,NA,NA,NA,NA
Beloniformes,Zenarchopteridae,Dermogenys,Dermogenys_montana,0,NA,0,NA,NA,NA
Beloniformes,Zenarchopteridae,Dermogenys,Dermogenys_orientalis,0,NA,0,NA,NA,NA
Beloniformes,Zenarchopteridae,Dermogenys,Dermogenys_pusilla,0,NA,0,NA,NA,NA
Beloniformes,Zenarchopteridae,Dermogenys,Nomorhamphus_ebrardtii,0,NA,0,0,0,0
Beloniformes,Zenarchopteridae,Dermogenys,Nomorhamphus_vivipara,0,NA,0,NA,NA,NA
Beloniformes,Zenarchopteridae,Dermogenys,Nomorhamphus_weberi,0,NA,0,NA,NA,NA
Beloniformes,Zenarchopteridae,Hemirhamphodon,Hemirhamphodon_chrysopunctatus,0,NA,0,NA,NA,NA
Beloniformes,Zenarchopteridae,Hemirhamphodon,Hemirhamphodon_kapuasensis,0,NA,0,NA,NA,NA
Beloniformes,Zenarchopteridae,Hemirhamphodon,Hemirhamphodon_kuekenthali,0,NA,0,NA,NA,NA
Beloniformes,Zenarchopteridae,Hemirhamphodon,Hemirhamphodon_phaiosoma,0,NA,0,NA,NA,NA
Beloniformes,Zenarchopteridae,Hemirhamphodon,Hemirhamphodon_pogonognathus,0,NA,0,NA,NA,NA
Beloniformes,Zenarchopteridae,Hemirhamphodon,Hemirhamphodon_tengah,0,1,NA,0,0,0
Beloniformes,Zenarchopteridae,Nomorhamphus,Nomorhamphus_celebensis,0,NA,0,NA,NA,NA
Beloniformes,Zenarchopteridae,Nomorhamphus,Nomorhamphus_liemi,0,NA,0,1,NA,1
Beloniformes,Zenarchopteridae,Nomorhamphus,Nomorhamphus_ravnaki,0,NA,0,NA,NA,NA
Beloniformes,Zenarchopteridae,Nomorhamphus,Nomorhamphus_sanussii,0,NA,NA,NA,NA,NA
Beloniformes,Zenarchopteridae,Nomorhamphus,Nomorhamphus_towoetii,0,NA,0,NA,NA,NA
Beloniformes,Zenarchopteridae,Zenarchopterus,Zenarchopterus_buffonis,0,NA,0,1,1,NA
Beloniformes,Zenarchopteridae,Zenarchopterus,Zenarchopterus_gilli,0,NA,0,1,1,NA
Beryciformes,Berycidae,Beryx,Beryx_splendens,0,1,0,1,1,NA
Beryciformes,Trachichthyidae,Hoplostethus,Hoplostethus_atlanticus,0,1,0,1,1,NA
Cetomimiformes,Cetomimidae,Cetostoma,Cetostoma_regani,0,NA,NA,NA,NA,NA
Characiformes,Acestrorhynchidae,Acestrorhynchus,Acestrorhynchus_lacustris,0,NA,NA,NA,NA,NA
Characiformes,Anostomidae,Leporinus,Leporinus_macrocephalus,0,NA,0,0,0,0
Characiformes,Bryconidae,Brycon,Brycon_opalinus,0,NA,NA,NA,NA,NA
Characiformes,Bryconidae,Brycon,Brycon_orthotaenia,0,NA,NA,NA,NA,NA
Characiformes,Characidae,Argopleura,Argopleura_chocoensis,0,NA,NA,NA,NA,NA
Characiformes,Characidae,Argopleura,Argopleura_magdalenensis,0,NA,NA,NA,NA,NA
Characiformes,Characidae,Brittanichthys,Brittanichthys_axelrodi,0,NA,NA,NA,NA,NA
Characiformes,Characidae,Corynopoma ,Corynopoma_riisei,0,0,0,1,NA,1
Characiformes,Characidae,Diapoma,Diapoma_speculiferum,0,NA,NA,NA,NA,NA
Characiformes,Characidae,Diapoma,Diapoma_terofali,0,NA,NA,NA,NA,NA
Characiformes,Characidae,Gephyrocharax,Gephyrocharax_atracaudatus,0,NA,NA,NA,NA,NA
Characiformes,Characidae,Gephyrocharax,Gephyrocharax_chocoensis,0,NA,NA,NA,NA,NA
Characiformes,Characidae,Gephyrocharax,Gephyrocharax_intermedius,0,NA,NA,NA,NA,NA
Characiformes,Characidae,Gephyrocharax,Gephyrocharax_valencia,0,NA,NA,NA,NA,NA
Characiformes,Characidae,Gephyrocharax,Gephyrocharax_venezuelae,0,NA,NA,NA,NA,NA
Characiformes,Characidae,Glandulocauda,Glandulocauda_melanopleura,0,NA,NA,NA,NA,NA
Characiformes,Characidae,Gymnocharacinus,Gymnocharacinus_bergii,0,NA,0,0,0,0
Characiformes,Characidae,Hysteronotus,Chrysobrycon_hesperus,0,NA,NA,NA,NA,NA
Characiformes,Characidae,Hysteronotus,Chrysobrycon_myersi,0,NA,NA,NA,NA,NA
Characiformes,Characidae,Hysteronotus,Hysteronotus_megalostomus,0,NA,NA,NA,NA,NA
Characiformes,Characidae,Iotabrycon,Iotabrycon_praecox,0,NA,NA,NA,NA,NA
Characiformes,Characidae,Landonia,Landonia_latidens,0,NA,NA,NA,NA,NA
Characiformes,Characidae,Mimagoniates,Mimagoniates_barberi,0,NA,0,NA,NA,NA
Characiformes,Characidae,Mimagoniates,Mimagoniates_lateralis,0,NA,0,NA,NA,NA
Characiformes,Characidae,Mimagoniates,Mimagoniates_microlepis,0,NA,NA,NA,NA,NA
Characiformes,Characidae,Mimagoniates,Mimagoniates_rheocharis,0,NA,NA,NA,NA,NA
Characiformes,Characidae,Mimagoniates,Mimagoniates_sylvicola,0,NA,NA,NA,NA,NA
Characiformes,Characidae,Phenacobrycon,Phenacobrycon_henni,0,NA,NA,NA,NA,NA
Characiformes,Characidae,Planaltina,Planaltina_myersi,0,NA,NA,NA,NA,NA
Characiformes,Characidae,Pseudocorynopoma,Pseudocorynopoma_doriae,0,NA,0,0,0,0
Characiformes,Characidae,Pseudocorynopoma,Pseudocorynopoma_heterandria,0,NA,NA,NA,NA,NA
Characiformes,Characidae,Pterobrycon,Pterobrycon_myrnae,0,1,NA,0,0,0
Characiformes,Characidae,Ptychocharax,Ptychocharax_rhyacophila,0,NA,NA,NA,NA,NA
Characiformes,Characidae,Xenurobrycon,Xenurobrycon_polyancistrus,0,NA,NA,NA,NA,NA
Characiformes,Chilodontidae,Chilodus,Chilodus_punctatus,0,NA,0,NA,NA,NA
Characiformes,Distichondontidae,Distichodus,Distichodus_rostratus,0,NA,NA,NA,NA,NA
Characiformes,Hepsetidae,Hepsetus,Hepsetus_odoe,0,0,1,0,0,0
Characiformes,Iguanodectidae,Bryconops,Bryconops_affinis,0,NA,0,NA,NA,NA
Characiformes,Iguanodectidae,Bryconops,Bryconops_melanurus,0,NA,0,NA,NA,NA
Characiformes,Parodontidae,Apareiodon,Apareiodon_affinis,0,NA,0,NA,NA,NA
Characiformes,Parodontidae,Apareiodon,Apareiodon_ibitiensis,0,1,0,1,1,NA
Characiformes,Parodontidae,Apareiodon,Apareiodon_piracicabae,0,1,0,1,1,NA
Characiformes,Prochilodontidae,Prochilodus,Prochilodus_argenteus,0,0,NA,1,1,NA
Clupeiformes,Chirocentridae,Chirocentrus,Chirocentrus_dorab,0,NA,NA,NA,NA,NA
Clupeiformes,Clupeidae,Jenkinsia,Jenkinsia_lamprotaenia,0,1,0,1,1,NA
Clupeiformes,Clupeidae,Sardina,Sardina_pilchardus,0,1,0,1,1,NA
Clupeiformes,Engraulidae,Engraulis,Engraulis_encrasicolus,0,1,0,1,1,NA
Clupeiformes,Engraulidae,Stolephorus,Stolephorus_commersonnii,0,1,NA,NA,NA,NA
Cypriniformes,Botiidae,Leptobotia,Leptobotia_elongata,0,NA,NA,NA,NA,NA
Cypriniformes,Catostomidae,Erimyzon,Erimyzon_oblongus,0,1,1,1,NA,1
Cypriniformes,Cobitidae,Cobitis,Cobitis_striata,0,1,NA,0,0,0
Cypriniformes,Cyprinidae,Danio,Danio_rerio,0,1,0,1,NA,1
Cypriniformes,Cyprinidae,Puntius,Puntius_denisonii,0,NA,0,NA,NA,NA
Cypriniformes,Cyprinidae,Rhodeus,Rhodeus_ocellatus,0,1,0,1,NA,1
Cypriniformes,Cyprinidae,Rhodeus,Rhodeus_sericeus,0,0,0,1,NA,1
Cypriniformes,Cyprinidae,Rutilus,Rutilus_rutilus,0,0,0,1,NA,1
Cyprinodontiformes,Anablepidae,Anableps,Anableps_anableps,0,NA,0,NA,NA,NA
Cyprinodontiformes,Anablepidae,Anableps,Anableps_dowei,0,NA,NA,NA,NA,NA
Cyprinodontiformes,Anablepidae,Jenynsia,Jenynsia_lineata,0,NA,0,0,0,0
Cyprinodontiformes,Anablepidae,Jenynsia,Jenynsia_multidentata,0,1,0,0,0,0
Cyprinodontiformes,Cyprinodontidae,Cyprinodon,Cyprinodon_variegatus_variegatus,0,0,1,1,NA,1
Cyprinodontiformes,Fundulidae,Fundulus,Fundulus_heteroclitus_heteroclitus,0,0,0,1,NA,1
Cyprinodontiformes,Goodeidae,Girardinichthys,Girardinichthys_multiradiatus,0,NA,0,1,NA,1
Cyprinodontiformes,Poeciliidae,Poecilia,Poecilia_reticulata,0,1,0,1,NA,1
Cyprinodontiformes,Poeciliidae,Xiphophorus,Xiphophorus_variatus,0,NA,0,1,NA,1
Cyprinodontiformes,Rivulidae,Austrolebias,Austrolebias_charrua,0,0,NA,0,0,0
Cyprinodontiformes,Rivulidae,Kryptolebias,Kryptolebias_marmoratus,0,NA,0,NA,NA,NA
Elopiformes,Elopidae,Elops,Elops_saurus,0,1,0,1,1,NA
Elopiformes,Megalopidae,Megalops,Megalops_atlanticus,0,1,0,1,1,NA
Elopiformes,Megalopidae,Megalops,Megalops_cyprinoides,0,1,0,1,1,NA
Esociformes,Esocidae,Esox,Esox_lucius,0,1,0,1,1,NA
Gadiformes,Gadidae,Gadus,Gadus_morhua,0,1,0,1,1,NA
Gadiformes,Gadidae,Melanogrammus,Melanogrammus_aeglefinus,0,1,0,0,0,0
Gadiformes,Gadidae,Theragra,Theragra_chalcogramma,0,1,0,1,1,NA
Gadiformes,Macrouridae,Coryphaenoides,Coryphaenoides_rupestris,0,1,0,1,1,NA
Gadiformes,Merlucciidae,Macruronus,Macruronus_novaezelandiae,0,NA,0,NA,NA,NA
Gadiformes,Moridae,Pseudophycis,Pseudophycis_bachus,0,NA,0,NA,NA,NA
Gadiformes,Phycidae,Phycis,Phycis_phycis,0,NA,0,NA,NA,NA
Gadiformes,Phycidae,Urophycis,Urophycis_brasiliensis,0,NA,NA,1,1,NA
Gasterosteiformes,Gasterosteidae,Gasterosteus,Gasterosteus_aculeatus,0,1,1,1,NA,1
Gasterosteiformes,Gasterosteidae,Spinachia,Spinachia_spinachia,0,0,1,1,NA,1
Gasterosteiformes,Hypoptychidae,Hypoptychus,Hypoptychus_dybowskii,0,0,0,1,NA,1
Gasterosteiformes,Indostomidae,Indostomus,Indostomus_paradoxus,0,NA,NA,NA,NA,NA
Gasterosteiformes,Pegasidae,Eurypegasus,Eurypegasus_draconis,0,0,0,0,0,0
Gobiesociformes,Gobiesocidae,Gobiesox,Gobiesox_maeandricus,0,NA,1,NA,NA,NA
Gobiesociformes,Gobiesocidae,Lepadogaster,Lepadogaster_lepadogaster,0,NA,1,NA,NA,NA
Gonornchiformes,Chanidae,Chanos,Chanos_chanos,0,1,0,1,1,NA
Gymnotiformes,Apteronotidae,Apteronotus,Apteronotus_leptorhynchus,0,NA,0,0,0,0
Gymnotiformes,Gymnotidae,Gymnotus,Gymnotus_carapo,0,NA,1,NA,NA,NA
Gymnotiformes,Hypopomidae,Brachyhypopomus,Brachyhypopomus_pinnicaudatus,0,0,0,0,0,0
Gymnotiformes,Sternopygidae,Eigenmannia,Eigenmannia_trilineata,0,NA,1,NA,NA,NA
Gymnotiformes,Sternopygidae,Eigenmannia,Eigenmannia_virescens,0,NA,0,0,0,0
Lampriformes,Regalecidae,Regalecus,Regalecus_russelii,0,NA,0,NA,NA,NA
Lampriformes,Trachipteridae,Trachipterus,Trachipterus_ishikawae,0,NA,NA,NA,NA,NA
Lepisosteiformes,Lepisosteidae,Atractosteus,Atractosteus_spatula,0,0,0,0,0,0
Lepisosteiformes,Lepisosteidae,Atractosteus,Atractosteus_tropicus,0,1,0,0,0,0
Lepisosteiformes,Lepisosteidae,Lepisosteus,Lepisosteus_oculatus,0,1,0,1,1,NA
Lepisosteiformes,Lepisosteidae,Lepisosteus,Lepisosteus_osseus,0,1,0,1,1,NA
Lophiiformes,Caulophrynidae,Caulophryne,Caulophryne_jordani,0,NA,NA,NA,NA,NA
Lophiiformes,Caulophrynidae,Robia,Robia_legula,0,NA,NA,NA,NA,NA
Lophiiformes,Ceratiidae,Ceratias,Ceratias_holboelli,0,1,NA,NA,NA,NA
Lophiiformes,Linophrynidae,Borophryne,Borophryne_apogon,0,NA,NA,NA,NA,NA
Lophiiformes,Linophrynidae,Haplophryne,Haplophryne_mollis,0,NA,NA,NA,NA,NA
Lophiiformes,Lophiidae,Lophius,Lophius_budegassa,0,NA,0,NA,NA,NA
Lophiiformes,Melanocetidae,Melanocetus,Melanocetus_johnsonii,0,NA,0,0,0,0
Lophiiformes,Melanocetidae,Melanocetus,Melanocetus_murrayi,0,NA,NA,0,0,0
Lophiiformes,Neoceratiidae,Neoceratias,Neoceratias_spinifer,0,NA,NA,0,0,0
Lophiiformes,Oneirodidae,Bertella,Bertella_idiomorpha,0,NA,NA,0,0,0
Lophiiformes,Oneirodidae,Leptacanthichthys,Leptacanthichthys_gracilispinis,0,NA,NA,0,0,0
Mugiliformes,Mugilidae,Chelon,Chelon_labrosus,0,1,0,NA,NA,NA
Mugiliformes,Mugilidae,Liza,Liza_dumerili,0,NA,0,NA,NA,NA
Mugiliformes,Mugilidae,Mugil,Mugil_cephalus,0,1,0,1,1,NA
Mugiliformes,Mugilidae,Mugil,Mugil_liza,0,NA,0,NA,NA,NA
Myctophiformes,Myctophidae,Benthosema,Benthosema_pterotum,0,1,0,1,1,NA
Myctophiformes,Myctophidae,Lampanyctodes,Lampanyctodes_hectoris,0,NA,0,NA,NA,NA
Notacanthiformes,Notacanthidae,Polyacanthonotus,Polyacanthonotus_challengeri,0,NA,NA,NA,NA,NA
Notacanthiformes,Notacanthidae ,Polyacanthonotus,Polyacanthonotus_rissoanus,0,NA,NA,NA,NA,NA
Ophidiiformes,Aphyonidae,Barathronus,Barathronus_multidens,0,NA,0,NA,NA,NA
Ophidiiformes,Aphyonidae,Barathronus,Barathronus_unicolor,0,NA,0,NA,NA,NA
Ophidiiformes,Bythitidae,Cataetyx ,Cataetyx_alleni,0,NA,0,NA,NA,NA
Ophidiiformes,Bythitidae,Ogilbia,Ogilbia_cayorum,0,NA,0,NA,NA,NA
Ophidiiformes,Carapidae,Carapus,Carapus_bermudensis,0,NA,NA,NA,NA,NA
Ophidiiformes,Ophidiidae,Ophidion,Ophidion_barbatum,0,NA,0,NA,NA,NA
Osmeriformes,Alepocephalidae,Alepocephalus,Alepocephalus_bairdii,0,1,0,1,1,NA
Osmeriformes,Alepocephalidae,Bathytroctes,Bathytroctes_microlepis,0,1,0,1,1,NA
Osmeriformes,Galaxiidae,Galaxias,Galaxias_fasciatus,0,NA,0,0,0,0
Osmeriformes,Lepidogalaxiidae,Lepidogalaxias ,Lepidogalaxias_salamandroides,1,NA,0,0,0,0
Osmeriformes,Osmeridae,Hypomesus,Hypomesus_japonicus,0,1,0,1,1,NA
Osmeriformes,Retropinnidae,Prototroctes,Prototroctes_maraena,0,NA,0,NA,NA,NA
Osteoglossiformes,Arapaimidae,Arapaima,Arapaima_gigas,0,NA,1,0,0,0
Osteoglossiformes,Gymnarchidae,Gymnarchus,Gymnarchus_niloticus,0,NA,1,NA,NA,NA
Osteoglossiformes,Hiodontidae,Hiodon,Hiodon_alosoides,0,1,0,1,1,NA
Osteoglossiformes,Hiodontidae,Hiodon,Hiodon_tergisus,0,1,0,NA,NA,NA
Osteoglossiformes,Mormyridae,Pollimyrus,Pollimyrus_isidori_isidori,0,0,1,0,0,0
Osteoglossiformes,Notopteridae,Chitala,Chitala_chitala,0,NA,1,0,0,0
Osteoglossiformes,Osteoglossidae,Osteoglossum,Osteoglossum_bicirrhosum,0,0,1,0,0,0
Osteoglossiformes,Osteoglossidae,Scleropages,Scleropages_leichardti,0,NA,0,0,0,0
Osteoglossiformes,Pantodontidae,Pantodon,Pantodon_buchholzi,0,NA,0,0,0,0
Perciformes,Acanthuridae,Acanthurus,Acanthurus_nigrofuscus,0,1,0,1,1,NA
Perciformes,Ambassidae,Ambassis,Ambassis_agassizii,0,NA,0,NA,NA,NA
Perciformes,Ambassidae,Parambassis,Parambassis_siamensis,0,NA,0,NA,NA,NA
Perciformes,Anabantidae,Anabas,Anabas_testudineus,0,1,0,1,1,NA
Perciformes,Anarhichadidae,Anarhichas,Anarhichas_lupus,0,NA,1,0,0,0
Perciformes,Apogonidae,Apogon,Apogon_crassiceps,1,0,1,0,0,0
Perciformes,Apogonidae,Apogon,Ostorhinchus_apogonoides,0,0,1,0,0,0
Perciformes,Apogonidae,Apogon,Zapogon_evermanni,1,0,1,0,0,0
Perciformes,Arripidae,Arripis,Arripis_trutta,0,NA,0,NA,NA,NA
Perciformes,Artedidraconidae,Artedidraco,Artedidraco_skottsbergi,0,NA,NA,NA,NA,NA
Perciformes,Artedidraconidae,Dolloidraco,Dolloidraco_longedorsalis,0,NA,NA,NA,NA,NA
Perciformes,Artedidraconidae,Pogonophryne,Pogonophryne_scotti,0,NA,1,NA,NA,NA
Perciformes,Bathydraconidae,Akarotaxis,Akarotaxis_nudiceps,0,NA,0,NA,NA,NA
Perciformes,Bathydraconidae,Bathydraco,Bathydraco_marri,0,NA,0,NA,NA,NA
Perciformes,Bathydraconidae,Gymnodraco,Gymnodraco_acuticeps,0,NA,1,0,0,0
Perciformes,Bathydraconidae,Parachaenichthys,Parachaenichthys_charcoti,0,NA,NA,NA,NA,NA
Perciformes,Blenniidae,Aidablennius,Aidablennius_sphynx,1,0,1,0,0,0
Perciformes,Blenniidae,Blennius,Blennius_ocellaris,1,0,1,0,0,0
Perciformes,Blenniidae,Coryphoblennius,Coryphoblennius_galerita,1,0,1,0,0,0
Perciformes,Blenniidae,Ecsenius,Ecsenius_bicolor,0,NA,1,0,0,0
Perciformes,Blenniidae,Lipophrys,Microlipophrys_adriaticus,1,0,1,0,0,0
Perciformes,Blenniidae,Lipophrys,Microlipophrys_canevae,1,0,1,0,0,0
Perciformes,Blenniidae,Lipophrys,Microlipophrys_dalmatinus,1,0,1,0,0,0
Perciformes,Blenniidae,Lipophrys,Microlipophrys_nigriceps,1,0,1,0,0,0
Perciformes,Blenniidae,Parablennius,Parablennius_gattorugine,1,0,1,0,0,0
Perciformes,Blenniidae,Parablennius,Parablennius_incognitus,1,0,1,0,0,0
Perciformes,Blenniidae,Parablennius,Parablennius_parvicornis,1,0,1,1,NA,1
Perciformes,Blenniidae,Parablennius,Parablennius_rouxi,1,0,1,0,0,0
Perciformes,Blenniidae,Parablennius,Parablennius_sanguinolentus,1,0,1,1,NA,1
Perciformes,Blenniidae,Parablennius,Parablennius_tentacularis,1,0,1,0,0,0
Perciformes,Blenniidae,Parablennius,Parablennius_zvonimiri,1,0,1,0,0,0
Perciformes,Blenniidae,Paralipophyrs,Lipophrys_trigloides,1,0,1,0,0,0
Perciformes,Blenniidae,Salaria,Salaria_pavo,1,0,1,1,NA,1
Perciformes,Blenniidae,Salarias,Salarias_fasciatus,1,0,1,0,0,0
Perciformes,Blenniidae,Scartella,Scartella_cristata,1,0,1,1,NA,1
Perciformes,Callionymidae,Callionymus,Callionymus_maculatus,0,NA,0,NA,NA,NA
Perciformes,Caproidae,Capros,Capros_aper,0,1,0,1,1,NA
Perciformes,Carangidae,Trachinotus,Trachinotus_carolinus,0,1,0,1,1,NA
Perciformes,Centrarchidae,Lepomis,Lepomis_macrochirus,0,0,1,1,NA,1
Perciformes,Centropomidae,Centropomus,Centropomus_medius,0,NA,0,NA,NA,NA
Perciformes,Cepolidae,Cepola,Cepola_macrophthalma,0,NA,0,1,NA,1
Perciformes,Chaenopsidae,Acanthemblemaria,Acanthemblemaria_spinosa,1,0,1,0,0,0
Perciformes,Chaenopsidae,Coralliozetus,Coralliozetus_angelicus,1,0,1,0,0,0
Perciformes,Chaetodontidae,Chaetodon,Chaetodon_multicinctus,0,0,0,0,0,0
Perciformes,Chaetodontidae,Chaetodon,Chaetodon_plebeius,0,0,0,0,0,0
Perciformes,Chaetodontidae,Chaetodon,Chaetodon_rainfordi,0,0,0,0,0,0
Perciformes,Channichthyidae,Chaenocephalus,Chaenocephalus_aceratus,0,NA,1,NA,NA,NA
Perciformes,Channichthyidae,Chionodraco,Chionodraco_rastrospinosus,0,NA,NA,NA,NA,NA
Perciformes,Channichthyidae,Pseudochaenichthys,Pseudochaenichthys_georgianus,0,NA,0,NA,NA,NA
Perciformes,Channidae,Channa,Channa_punctata,0,0,1,0,0,0
Perciformes,Cichlidae,Alcolapia,Alcolapia_grahami,0,1,0,0,0,0
Perciformes,Cichlidae,Lamprologus,Lamprologus_callipterus,0,0,0,1,NA,1
Perciformes,Cichlidae,Mchenga,Mchenga_cyclicos,0,0,NA,1,NA,1
Perciformes,Cichlidae,Sarotherodon,Sarotherodon_galilaeus,0,0,1,1,NA,1
Perciformes,Cirrhitidae,Amblycirrhitus,Amblycirrhitus_pinos,0,0,0,0,0,0
Perciformes,Cirrhitidae,Cirrhitus ,Cirrhitus_pinnulatus,0,NA,0,0,0,0
Perciformes,Cirrhitidae,Neocirrhites,Neocirrhites_armatus,0,0,0,0,0,0
Perciformes,Cirrhitidae,Paracirrhites,Paracirrhites_arcatus,0,0,0,0,0,0
Perciformes,Cirrhitidae,Paracirrhites,Paracirrhites_forsteri,0,0,0,0,0,0
Perciformes,Clinidae,Clinitrachus,Clinitrachus_argentatus,1,NA,1,NA,NA,NA
Perciformes,Clinidae,Heterostichus,Heterostichus_rostratus,0,NA,1,0,0,0
Perciformes,Coryphaenidae,Coryphaena ,Coryphaena_hippurus,0,NA,0,0,0,0
Perciformes,Creediidae,Limnichthys,Limnichthys_fasciatus,0,NA,NA,NA,NA,NA
Perciformes,Dactyloscopidae,Gillellus,Platygillellus_rubrocinctus,1,NA,NA,NA,NA,NA
Perciformes,Echeneidae,Remora,Remora_brachyptera,0,NA,0,NA,NA,NA
Perciformes,Eleginopidae,Eleginops,Eleginops_maclovinus,0,NA,0,NA,NA,NA
Perciformes,Eleotridae,Bostrychus,Bostrychus_sinensis,1,0,NA,0,0,0
Perciformes,Eleotridae,Gobiomorphus,Gobiomorphus_breviceps,0,NA,1,0,0,0
Perciformes,Eleotridae,Gobiomorus,Gobiomorus_dormitor,1,NA,NA,0,0,0
Perciformes,Embiotocidae,Cymatogaster,Cymatogaster_aggregata,0,1,0,0,0,0
Perciformes,Embiotocidae,Embiotoca,Embiotoca_jacksoni,0,1,0,0,0,0
Perciformes,Gempylidae,Ruvettus,Ruvettus_pretiosus,0,NA,0,NA,NA,NA
Perciformes,Gerreidae,Gerres,Gerres_filamentosus,0,NA,0,NA,NA,NA
Perciformes,Gerreidae,Gerres,Gerres_longirostris,0,NA,NA,NA,NA,NA
Perciformes,Gerreidae,Gerres,Gerres_methueni,0,NA,NA,NA,NA,NA
Perciformes,Girellidae,Girella,Girella_leonina,0,NA,NA,NA,NA,NA
Perciformes,Girellidae,Girella,Girella_punctata,0,NA,NA,NA,NA,NA
Perciformes,Gobiidae,Amblygobius,Amblygobius_nocturnus,0,0,1,0,0,0
Perciformes,Gobiidae,Amblygobius,Koumansetta_rainfordi,1,0,1,0,0,0
Perciformes,Gobiidae,Bathygobius,Bathygobius_fuscus,1,0,1,1,NA,1
Perciformes,Gobiidae,Buenia,Buenia_jeffreysii,1,NA,1,NA,NA,NA
Perciformes,Gobiidae,Cryptocentrus,Cryptocentrus_lutheri,0,0,1,0,0,0
Perciformes,Gobiidae,Gillichthys,Gillichthys_mirabilis,1,NA,1,0,0,0
Perciformes,Gobiidae,Glossogobius,Glossogobius_giuris,1,0,1,0,0,0
Perciformes,Gobiidae,Glossogobius,Glossogobius_olivaceus,1,0,1,0,0,0
Perciformes,Gobiidae,Gobiodon,Gobiodon_oculolineatus,1,0,1,0,0,0
Perciformes,Gobiidae,Gobiodon,Gobiodon_okinawae,1,0,NA,0,0,0
Perciformes,Gobiidae,Gobiodon,Gobiodon_quinquestrigatus,1,0,1,0,0,0
Perciformes,Gobiidae,Gobiodon,Gobiodon_rivulatus,1,0,1,0,0,0
Perciformes,Gobiidae,Gobius,Gobius_cobitis,1,0,1,0,0,0
Perciformes,Gobiidae,Gobius,Gobius_niger,1,0,1,1,NA,1
Perciformes,Gobiidae,Gobius,Gobius_paganellus,1,0,1,0,0,0
Perciformes,Gobiidae,Knipowitschia,Knipowitschia_panizzae,1,0,1,0,0,0
Perciformes,Gobiidae,Lythrypnus,Lythrypnus_dalli,1,0,1,1,NA,1
Perciformes,Gobiidae,Neogobius,Neogobius_melanostomus,1,0,1,1,NA,1
Perciformes,Gobiidae,Padogobius,Padogobius_bonelli,1,0,1,0,0,0
Perciformes,Gobiidae,Paragobiodon,Paragobiodon_echinocephalus,1,0,1,0,0,0
Perciformes,Gobiidae,Pomatoschistus,Pomatoschistus_marmoratus,1,0,1,0,0,0
Perciformes,Gobiidae,Pomatoschistus,Pomatoschistus_microps,1,0,1,1,NA,1
Perciformes,Gobiidae,Pomatoschistus,Pomatoschistus_minutus,1,0,1,1,NA,1
Perciformes,Gobiidae,Valenciennea,Valenciennea_muralis,0,0,1,0,0,0
Perciformes,Gobiidae,Valenciennea,Valenciennea_sexguttata,0,0,1,0,0,0
Perciformes,Gobiidae,Valenciennea,Valenciennea_strigata,0,0,1,0,0,0
Perciformes,Gobiidae,Zosterisessor,Zosterisessor_ophiocephalus,1,0,1,1,NA,1
Perciformes,Grammatidae,Gramma,Gramma_brasiliensis,0,NA,1,NA,NA,NA
Perciformes,Grammatidae,Gramma,Gramma_loreto,0,NA,1,0,0,0
Perciformes,Haemulidae,Haemulon,Haemulon_flavolineatum,0,0,0,0,0,0
Perciformes,Haemulidae,Haemulon,Haemulon_plumierii,0,0,0,0,0,0
Perciformes,Hapalogenyidae,Hapalogenys,Hapalogenys_nigripinnis,0,NA,NA,NA,NA,NA
Perciformes,Icosteidae,Icosteus,Icosteus_aenigmaticus,0,NA,NA,NA,NA,NA
Perciformes,Istiophoridae,Makaira,Makaira_nigricans,0,1,0,0,0,0
Perciformes,Istiophoridae,Tetrapturus,Kajikia_albida,0,NA,0,NA,NA,NA
Perciformes,Istiophoridae,Tetrapturus,Kajikia_audax,0,NA,0,NA,NA,NA
Perciformes,Istiophoridae,Tetrapturus,Tetrapturus_angustirostris,0,NA,0,NA,NA,NA
Perciformes,Kraemeriidae,Kraemeria,Kraemeria_bryani,0,NA,NA,NA,NA,NA
Perciformes,Kurtidae,Kurtus,Kurtus_gulliveri,0,0,1,0,0,0
Perciformes,Kyphosidae,Kyphosus,Kyphosus_bigibbus,0,NA,NA,NA,NA,NA
Perciformes,Labridae,Cheilinus,Cheilinus_undulatus,1,0,0,0,0,0
Perciformes,Labridae,Halichoeres,Halichoeres_bivittatus,0,1,0,1,NA,1
Perciformes,Labridae,Halichoeres,Halichoeres_garnoti,0,0,0,NA,NA,NA
Perciformes,Labridae,Halichoeres,Halichoeres_maculipinna,0,1,NA,1,NA,1
Perciformes,Labridae,Halichoeres,Halichoeres_melanurus,0,0,0,0,0,0
Perciformes,Labridae,Halichoeres,Halichoeres_pictus,0,NA,NA,1,NA,1
Perciformes,Labridae,Halichoeres,Halichoeres_poeyi,0,0,NA,1,NA,1
Perciformes,Labridae,Thalassoma,Thalassoma_bifasciatum,0,0,1,1,NA,1
Perciformes,Labrisomidae,Labrisomus,Labrisomus_bucciferus,1,NA,NA,NA,NA,NA
Perciformes,Labrisomidae,Labrisomus,Labrisomus_haitiensis,1,NA,NA,NA,NA,NA
Perciformes,Labrisomidae,Labrisomus,Labrisomus_nuchipinnis,1,0,1,0,0,0
Perciformes,Labrisomidae,Malacoctenus,Malacoctenus_macropus,1,0,1,0,0,0
Perciformes,Labrisomidae,Malacoctenus,Malacoctenus_triangulatus,1,NA,1,0,0,0
Perciformes,Labrisomidae,Malacoctenus,Malacoctenus_versicolor,1,NA,NA,NA,NA,NA
Perciformes,Labrisomidae,Paraclinus,Paraclinus_nigripinnis,1,NA,NA,NA,NA,NA
Perciformes,Labrisomidae,Starksia,Starksia_atlantica,1,NA,NA,NA,NA,NA
Perciformes,Labrisomidae,Starksia,Starksia_elongata,1,NA,NA,NA,NA,NA
Perciformes,Labrisomidae,Starksia,Starksia_fasciata,1,NA,NA,NA,NA,NA
Perciformes,Labrisomidae,Starksia,Starksia_fulva,1,NA,NA,NA,NA,NA
Perciformes,Labrisomidae,Starksia,Starksia_galapagensis,1,NA,NA,NA,NA,NA
Perciformes,Labrisomidae,Starksia,Starksia_greenfieldi,1,NA,NA,NA,NA,NA
Perciformes,Labrisomidae,Starksia,Starksia_guadalupae,1,NA,NA,NA,NA,NA
Perciformes,Labrisomidae,Starksia,Starksia_guttata,1,NA,NA,NA,NA,NA
Perciformes,Labrisomidae,Starksia,Starksia_hoesei,1,NA,NA,NA,NA,NA
Perciformes,Labrisomidae,Starksia,Starksia_lepicoelia,1,NA,NA,NA,NA,NA
Perciformes,Labrisomidae,Starksia,Starksia_nanodes,1,NA,NA,NA,NA,NA
Perciformes,Labrisomidae,Starksia,Starksia_occidentalis,1,NA,NA,NA,NA,NA
Perciformes,Labrisomidae,Starksia,Starksia_sangreyae,1,NA,NA,NA,NA,NA
Perciformes,Labrisomidae,Starksia,Starksia_sluiteri,1,NA,NA,NA,NA,NA
Perciformes,Labrisomidae,Starksia,Starksia_smithvanizi,1,NA,NA,NA,NA,NA
Perciformes,Labrisomidae,Starksia,Starksia_spinipenis,1,NA,NA,NA,NA,NA
Perciformes,Labrisomidae,Starksia,Starksia_weigti,1,NA,NA,NA,NA,NA
Perciformes,Labrisomidae,Starksia,Starksia_williamsi,1,NA,NA,NA,NA,NA
Perciformes,Labrisomidae,Xenomedea,Xenomedea_rhodopyga,1,NA,NA,NA,NA,NA
Perciformes,Lateolabracidae,Lateolabrax,Lateolabrax_japonicus,0,NA,0,NA,NA,NA
Perciformes,Latidae,Lates,Lates_niloticus,0,1,0,1,1,NA
Perciformes,Leiognathidae,Leiognathus,Leiognathus_equulus,0,NA,0,NA,NA,NA
Perciformes,Lethrinidae,Lethrinus,Lethrinus_atkinsoni,0,0,0,0,0,0
Perciformes,Lutjanidae,Lutjanus,Lutjanus_argentiventris,0,1,0,1,1,NA
Perciformes,Lutjanidae,Lutjanus,Lutjanus_kasmira,0,1,0,1,1,NA
Perciformes,Luvaridae,Luvarus,Luvarus_imperialis,0,NA,NA,NA,NA,NA
Perciformes,Malacanthidae,Caulolatilus,Caulolatilus_microps,0,NA,NA,NA,NA,NA
Perciformes,Microdesmidae,Cerdale,Cerdale_floridana,1,NA,NA,NA,NA,NA
Perciformes,Microdesmidae,Microdesmus,Microdesmus_bahianus,1,NA,NA,NA,NA,NA
Perciformes,Moronidae,Morone,Morone_saxatilis,0,1,0,0,0,0
Perciformes,Mullidae,Upeneus,Upeneus_tragula,0,NA,NA,NA,NA,NA
Perciformes,Nandidae,Nandus,Nandus_nandus,0,0,0,0,0,0
Perciformes,Nemipteridae,Nemipterus,Nemipterus_japonicus,1,0,0,0,0,0
Perciformes,Nemipteridae,Nemipterus,Nemipterus_virgatus,1,NA,0,NA,NA,NA
Perciformes,Nototheniidae,Dissostichus,Dissostichus_mawsoni,0,NA,NA,NA,NA,NA
Perciformes,Nototheniidae,Patagonotothen,Patagonotothen_tessellata,0,0,1,0,0,0
Perciformes,Nototheniidae,Pleuragramma,Pleuragramma_antarctica,0,NA,0,NA,NA,NA
Perciformes,Odacidae,Odax,Odax_pullus,0,NA,NA,NA,NA,NA
Perciformes,Percichthyidae,Macquaria,Macquaria_novemaculeata,0,NA,NA,NA,NA,NA
Perciformes,Percidae,Etheostoma,Etheostoma_caeruleum,0,0,0,1,NA,1
Perciformes,Percidae,Percina,Percina_caprodes,0,1,0,1,NA,1
Perciformes,Percidae,Zingel,Zingel_asper,0,1,NA,1,NA,1
Perciformes,Pholidae,Pholis,Pholis_nebulosa,0,NA,1,0,0,0
Perciformes,Pinguipedidae,Parapercis,Parapercis_snyderi,0,0,NA,0,0,0
Perciformes,Pinguipedidae,Pinguipes,Pinguipes_brasilianus,0,0,0,0,0,0
Perciformes,Polynemidae,Eleutheronema,Eleutheronema_tetradactylum,0,NA,0,NA,NA,NA
Perciformes,Polyprionidae,Polyprion,Polyprion_americanus,0,1,0,1,1,NA
Perciformes,Pomacanthidae,Holacanthus,Holacanthus_tricolor,0,0,0,0,0,0
Perciformes,Pomacentridae,Dascyllus ,Dascyllus_aruanus,0,0,1,0,0,0
Perciformes,Priacanthidae,Priacanthus,Priacanthus_hamrur,0,NA,NA,NA,NA,NA
Perciformes,Rachycentridae,Rachycentron,Rachycentron_canadum,0,NA,0,NA,NA,NA
Perciformes,Rhyacichthyidae,Rhyacichthys,Rhyacichthys_aspro,1,NA,NA,NA,NA,NA
Perciformes,Scaridae,Chlorurus,Chlorurus_gibbus,0,0,0,0,0,0
Perciformes,Scaridae,Scarus,Scarus_psittacus,0,0,0,0,0,0
Perciformes,Scatophagidae,Scatophagus,Scatophagus_argus,0,NA,0,0,0,0
Perciformes,Schindleriidae,Schindleria,Schindleria_praematura,1,NA,NA,NA,NA,NA
Perciformes,Sciaenidae,Otolithes,Otolithes_ruber,0,NA,0,NA,NA,NA
Perciformes,Scombridae,Thunnus,Thunnus_alalunga,0,NA,0,NA,NA,NA
Perciformes,Scombrolabracidae,Scombrolabrax,Scombrolabrax_heterolepis,0,NA,NA,NA,NA,NA
Perciformes,Serranidae,Bullisichthys,Bullisichthys_caribbaeus,0,NA,NA,NA,NA,NA
Perciformes,Serranidae,Epinephelus,Epinephelus_tauvina,0,NA,0,0,0,0
Perciformes,Serranidae,Serranus,Serranus_cabrilla,0,NA,0,NA,NA,NA
Perciformes,Serranidae,Serranus,Serranus_scriba,0,NA,0,1,NA,1
Perciformes,Siganidae,Siganus,Siganus_luridus,0,NA,0,NA,NA,NA
Perciformes,Sillaginidae,Sillago,Sillago_robusta,0,NA,NA,NA,NA,NA
Perciformes,Sparidae,Cheimerius,Cheimerius_nufar,0,NA,0,1,NA,1
Perciformes,Sparidae,Pagrus,Chrysophrys_auratus,0,NA,0,1,NA,1
Perciformes,Sphyraenidae,Sphyraena,Sphyraena_barracuda,0,NA,0,NA,NA,NA
Perciformes,Stichaeidae,Ulvaria,Ulvaria_subbifurcata,0,0,1,0,0,0
Perciformes,Stromateidae,Peprilus,Peprilus_medius,0,NA,NA,NA,NA,NA
Perciformes,Trichiuridae,Lepidopus,Lepidopus_caudatus,0,NA,0,NA,NA,NA
Perciformes,Tripterygiidae,Enneapterygius,Enneapterygius_atriceps,1,NA,1,0,0,0
Perciformes,Trypterygiidae,Axoclinus,Axoclinus_nigricaudus,1,0,NA,1,NA,1
Perciformes,Trypterygiidae,Enneanectes,Enneanectes_boehlkei,1,NA,NA,NA,NA,NA
Perciformes,Trypterygiidae,Enneanectes,Enneanectes_carminalis,1,0,NA,1,NA,1
Perciformes,Trypterygiidae,Enneanectes,Enneanectes_pectoralis,1,NA,NA,NA,NA,NA
Perciformes,Trypterygiidae,Tripterygion,Tripterygion_delaisi,1,0,1,1,NA,1
Perciformes,Trypterygiidae,Tripterygion,Tripterygion_tripteronotum,1,0,1,1,NA,1
Perciformes,Xiphiidae,Xiphias,Xiphias_gladius,0,NA,0,0,0,0
Perciformes,Zoarcidae,Zoarces,Zoarces_americanus,0,0,0,0,0,0
Percopsiformes,Aphredoderidae,Aphredoderus,Aphredoderus_sayanus,0,NA,0,0,0,0
Pleuronectiformes,Achiridae,Achirus,Achirus_lineatus,0,NA,0,NA,NA,NA
Pleuronectiformes,Achiridae,Gymnachirus,Gymnachirus_texae,0,NA,NA,NA,NA,NA
Pleuronectiformes,Achiridae,Trinectes,Trinectes_maculatus,0,0,NA,0,0,0
Pleuronectiformes,Bothidae,Bothus,Bothus_ellipticus,0,0,0,0,0,0
Pleuronectiformes,Bothidae,Bothus,Bothus_ocellatus,0,0,0,0,0,0
Pleuronectiformes,Bothidae,Engyprosopon,Engyprosopon_grandisquama,0,0,0,0,0,0
Pleuronectiformes,Cynoglossidae,Cynoglossus,Cynoglossus_arel,0,NA,NA,NA,NA,NA
Pleuronectiformes,Osphronemidae,Betta,Betta_splendens,0,NA,1,0,0,0
Pleuronectiformes,Osphronemidae,Colisa,Trichogaster_lalius,0,NA,1,1,NA,1
Pleuronectiformes,Pleuronectidae,Kareius,Kareius_bicoloratus,0,NA,0,NA,NA,NA
Pleuronectiformes,Pleuronectidae,Pseudopleuronectes,Pseudopleuronectes_americanus,0,1,0,1,1,NA
Pleuronectiformes,Psettodidae,Psettodes,Psettodes_erumei,0,NA,NA,NA,NA,NA
Pleuronectiformes,Scophthalmidae,Psetta,Scophthalmus_maximus,0,NA,0,NA,NA,NA
Pleuronectiformes,Scophthalmidae,Scophthalmus,Scophthalmus_rhombus,0,NA,NA,NA,NA,NA
Pleuronectiformes,Soleidae,Solea,Solea_senegalensis,0,0,0,0,0,0
Polypteriformes,Polypteridae,Erpetoichthys,Erpetoichthys_calabaricus,0,NA,0,NA,NA,NA
Saccopharyngiformes,Cyematidae,Cyema,Cyema_atrum,0,NA,NA,NA,NA,NA
Saccopharyngiformes,Eurypharyngidae,Eurypharynx,Eurypharynx_pelecanoides,0,NA,NA,NA,NA,NA
Salmoniformes,Salmonidae,Salmo,Salmo_salar,0,0,0,1,NA,1
Salmoniformes,Salmonidae,Salvelinus,Salvelinus_malma,0,0,0,1,NA,1
Scorpaeniformes,Agonidae,Aspidophoroides ,Aspidophoroides_monopterygius,0,NA,NA,0,0,0
Scorpaeniformes,Anoplopomatidae,Anoplopoma,Anoplopoma_fimbria,0,1,0,NA,NA,NA
Scorpaeniformes,Cottidae,Cottus,Cottus_bairdii,0,0,1,0,0,0
Scorpaeniformes,Cottidae,Cottus,Cottus_nozawae,0,0,1,0,0,0
Scorpaeniformes,Cottidae,Radulinopsis,Radulinopsis_taranetzi,1,NA,0,0,0,0
Scorpaeniformes,Hexagrammidae,Hexagrammos,Hexagrammos_agrammus,0,1,1,1,NA,1
Scorpaeniformes,Jordaniidae,Jordania,Jordania_zonope,0,NA,NA,0,0,0
Scorpaeniformes,Platycephalidae,Platycephalus,Platycephalus_bassensis,0,NA,0,NA,NA,NA
Scorpaeniformes,Scorpaenidae,Caracanthus,Caracanthus_typicus,0,NA,NA,NA,NA,NA
Scorpaeniformes,Scorpaenidae,Caracanthus,Caracanthus_unipinna,0,1,0,1,1,NA
Scorpaeniformes,Scorpaenidae,Dendrochirus,Dendrochirus_zebra,0,1,0,0,0,0
Scorpaeniformes,Scorpaenidae,Scorpaena,Scorpaena_notata,0,NA,NA,NA,NA,NA
Scorpaeniformes,Scorpaenidae,Scorpaena,Scorpaena_porcus,0,NA,0,NA,NA,NA
Scorpaeniformes,Scorpaenidae,Scorpaena,Scorpaena_scrofa,0,NA,0,NA,NA,NA
Scorpaeniformes,Sebastidae,Helicolenus,Helicolenus_dactylopterus,0,NA,0,0,0,0
Scorpaeniformes,Triglidae,Chelidonichthys,Chelidonichthys_obscurus,0,NA,0,NA,NA,NA
Scorpaeniformes,Triglidae,Trigla,Trigla_lyra,0,NA,0,NA,NA,NA
Siluriformes,Amphiliidae,Amphilus,Amphilius_natalensis,0,NA,NA,NA,NA,NA
Siluriformes,Ariidae ,Sciades,Sciades_couma,0,NA,1,0,0,0
Siluriformes,Ariidae ,Sciades,Sciades_parkeri,0,NA,NA,0,0,0
Siluriformes,Ariidae ,Sciades,Sciades_proops,0,NA,1,NA,NA,NA
Siluriformes,Astroblepidae,Astroblepus,Astroblepus_chotae,1,NA,NA,NA,NA,NA
Siluriformes,Astroblepidae,Astroblepus,Astroblepus_sabalo,1,NA,NA,0,0,0
Siluriformes,Astroblepidae,Astroblepus,Astroblepus_trifasciatus,1,NA,NA,0,0,0
Siluriformes,Auchenipteridae,Ageneiosus,Ageneiosus_inermis,0,NA,0,0,0,0
Siluriformes,Auchenipteridae,Auchenipterus,Auchenipterus_nuchalis,1,NA,NA,0,0,0
Siluriformes,Auchenipteridae,Tatia,Tatia_intermedia,0,NA,NA,NA,NA,NA
Siluriformes,Auchenipteridae,Trachelyopterus,Trachelyopterus_galeatus,1,NA,0,0,0,0
Siluriformes,Auchenipteridae,Trachelyopterus,Trachelyopterus_lucenai,1,NA,NA,0,0,0
Siluriformes,Auchenipteridae,Trachelyopterus,Trachelyopterus_striatulus,1,NA,NA,0,0,0
Siluriformes,Bagridae,Mystus,Mystus_tengara,1,NA,NA,0,0,0
Siluriformes,Bagridae,Mystus,Mystus_vittatus,1,1,1,NA,NA,NA
Siluriformes,Bagridae,Rita,Rita_rita,1,NA,NA,NA,NA,NA
Siluriformes,Callichthyidae,Callichthys,Callichthys_callichthys,0,0,NA,0,0,0
Siluriformes,Callichthyidae,Corydoras,Corydoras_aeneus,1,1,0,0,0,0
Siluriformes,Callichthyidae,Corydoras,Corydoras_bondi,1,NA,0,0,0,0
Siluriformes,Callichthyidae,Corydoras,Corydoras_ehrhardti,1,NA,0,NA,NA,NA
Siluriformes,Callichthyidae,Corydoras,Corydoras_potaroensis,1,NA,NA,NA,NA,NA
Siluriformes,Callichthyidae,Hoplosternum,Hoplosternum_littorale,1,0,1,0,0,0
Siluriformes,Cetopsidae,Helogenes,Helogenes_marmoratus,0,NA,NA,NA,NA,NA
Siluriformes,Clariidae,Clarias,Clarias_batrachus,1,0,1,0,0,0
Siluriformes,Clariidae,Clarias,Clarias_gariepinus,1,1,0,0,0,0
Siluriformes,Clariidae,Heterobranchus,Heterobranchus_longifilis,1,NA,NA,0,0,0
Siluriformes,Claroteidae,Auchenoglanis,Auchenoglanis_occidentalis,0,NA,NA,0,0,0
Siluriformes,Claroteidae,Clarotes,Clarotes_laticeps,0,NA,NA,NA,NA,NA
Siluriformes,Doradidae,Hassar,Hassar_affinis,0,NA,NA,NA,NA,NA
Siluriformes,Heptapteridae,Pimelodella,Pimelodella_vittata,0,NA,NA,NA,NA,NA
Siluriformes,Heptapteridae,Rhamdia ,Rhamdia_quelen,0,NA,0,NA,NA,NA
Siluriformes,Heteropneustidae,Heteropneustes,Heteropneustes_fossilis,1,0,1,0,0,0
Siluriformes,Horabagridae ,Horabagrus,Horabagrus_brachysoma,0,0,0,0,0,0
Siluriformes,Ictaluridae,Ictalurus,Ictalurus_furcatus,1,NA,NA,NA,NA,NA
Siluriformes,Ictaluridae,Ictalurus,Ictalurus_punctatus,1,0,1,0,0,0
Siluriformes,Ictaluridae,Noturus,Noturus_gyrinus,0,NA,NA,NA,NA,NA
Siluriformes,Loricariidae,Fonchiiichthys,Fonchiiichthys_uracanthus,0,0,NA,0,0,0
Siluriformes,Loricariidae,Rhinelepis,Rhinelepis_aspera,0,NA,NA,NA,NA,NA
Siluriformes,Malapteruridae,Malapterurus,Malapterurus_electricus,0,NA,1,0,0,0
Siluriformes,Mochokidae,Synodontis,Synodontis_multipunctatus,0,NA,0,1,NA,1
Siluriformes,Pangasiidae,Pangassius,Pangasius_pangasius,1,NA,NA,NA,NA,NA
Siluriformes,Pimelodidae,Conorhynchos,Conorhynchos_conirostris,0,1,NA,1,1,NA
Siluriformes,Pimelodidae,Iheringichtys,Iheringichthys_labrosus,0,NA,NA,NA,NA,NA
Siluriformes,Pimelodidae,Pimelodus,Pimelodus_maculatus,0,NA,NA,NA,NA,NA
Siluriformes,Pimelodidae,Pseudoplatystoma ,Pseudoplatystoma_corruscans,0,1,NA,1,1,NA
Siluriformes,Plotosidae,Neosilurus,Neosilurus_ater,0,NA,1,0,0,0
Siluriformes,Plotosidae,Neosilurus,Neosilurus_hyrtlii,0,NA,1,0,0,0
Siluriformes,Pseudopimelodidae,Lophiosilurus,Lophiosilurus_alexandri,0,NA,1,0,0,0
Siluriformes,Schilbeidae,Eutropiichthys,Eutropiichthys_vacha,0,NA,0,0,0,0
Siluriformes,Schilbeidae,Schilbe,Schilbe_mystus,0,NA,0,0,0,0
Siluriformes,Scoloplacidae,Scoloplax,Scoloplax_distolothrix,0,NA,NA,0,0,0
Siluriformes,Siluridae,Ompok ,Ompok_siluroides,1,NA,NA,NA,NA,NA
Siluriformes,Siluridae,Silurus,Silurus_aristotelis,0,NA,1,0,0,0
Siluriformes,Siluridae,Silurus,Silurus_asotus,0,0,0,0,0,0
Siluriformes,Siluridae,Silurus,Silurus_lithophilus,0,NA,0,0,0,0
Siluriformes,Sisoridae,Glyptothorax,Glyptothorax_brevipinnis,0,NA,NA,NA,NA,NA
Siluriformes,Trichomycteridae,Hatcheria,Hatcheria_macraei,0,NA,NA,NA,NA,NA
Stomiiformes,Gonostomatidae,Gonostoma,Gonostoma_elongatum,0,NA,0,NA,NA,NA
Stomiiformes,Gonostomatidae,Sigmops,Sigmops_bathyphilus,0,NA,NA,0,0,0
Stomiiformes,Sternoptychidae,Maurolicus,Maurolicus_muelleri,0,NA,NA,NA,NA,NA
Synbranchiformes,Mastacembelidae,Mastacembelus,Mastacembelus_platysoma,0,NA,1,0,0,0
Synbranchiformes,Synbranchidae,Monopterus,Monopterus_cuchia,0,NA,1,0,0,0
Synbranchiformes,Synbranchidae,Synbranchus,Synbranchus_marmoratus,0,NA,NA,NA,NA,NA
Syngnathiformes,Aulostomidae,Aulostomus,Aulostomus_chinensis,0,NA,0,0,0,0
Syngnathiformes,Aulostomidae,Aulostomus,Aulostomus_maculatus,0,NA,0,0,0,0
Syngnathiformes,Centriscidae,Macroramphosus,Macroramphosus_scolopax,0,NA,NA,1,NA,1
Syngnathiformes,Fistulariidae,Fistularia,Fistularia_commersonii,0,NA,0,1,NA,1
Syngnathiformes,Syngnathidae,Phyllopteryx,Phyllopteryx_taeniolatus,0,1,1,0,0,0
Syngnathiformes,Syngnathidae,Syngnathus,Syngnathus_acus,0,1,1,0,0,0
Tetraodontiformes,Balistidae,Pseudobalistes,Pseudobalistes_flavimarginatus,0,0,1,0,0,0
Tetraodontiformes,Balistidae,Xanthichthys,Xanthichthys_mento,0,0,1,0,0,0
Tetraodontiformes,Diodontidae,Chilomycterus,Chilomycterus_reticulatus,0,1,0,1,1,NA
Tetraodontiformes,Diodontidae,Diodon,Diodon_hystrix,0,1,0,1,1,NA
Tetraodontiformes,Molidae,Ranzania,Ranzania_laevis,0,NA,0,NA,NA,NA
Tetraodontiformes,Monacanthidae,Oxymonacanthus,Oxymonacanthus_longirostris,0,0,0,0,0,0
Tetraodontiformes,Monacanthidae,Rudarius,Rudarius_ercodes,0,1,0,1,1,NA
Tetraodontiformes,Monacanthidae,Stephanolepis ,Stephanolepis_hispidus,0,NA,NA,0,0,0
Tetraodontiformes,Ostraciidae,Lactoria,Lactoria_diaphana,0,1,0,1,NA,1
Tetraodontiformes,Tetraodontidae,Canthigaster,Canthigaster_valentini,0,0,1,1,NA,1
Zeiformes,Oreosomatidae,Allocyttus,Allocyttus_verrucosus,0,NA,0,NA,NA,NA
Zeiformes,Oreosomatidae,Neocyttus,Neocyttus_rhomboidalis,0,NA,0,0,0,0
Zeiformes,Zeidae,Zenopsis,Zenopsis_conchifer,0,NA,NA,NA,NA,NA